{"cameraMode":{"drawMode":0,"name":"Shaded","section":"Shading Mode"},"sceneLighting":false,"audioPlay":false,"sceneViewState":{"m_AlwaysRefresh":false,"showFog":true,"showSkybox":false,"showFlares":true,"showImageEffects":true,"showParticleSystems":true,"showVisualEffectGraphs":true,"m_FxEnabled":true},"in2DMode":false,"pivot":{"x":3.830425262451172,"y":111.85786437988281,"z":59.637264251708987},"rotation":{"x":-0.016539767384529115,"y":0.9834408164024353,"z":-0.13088276982307435,"w":-0.12427318841218949},"size":27.170568466186525,"orthographic":false}