{"cameraMode":{"drawMode":0,"name":"Shaded","section":"Shading Mode"},"sceneLighting":true,"audioPlay":false,"sceneViewState":{"m_AlwaysRefresh":false,"showFog":true,"showSkybox":true,"showFlares":true,"showImageEffects":true,"showParticleSystems":true,"showVisualEffectGraphs":true,"m_FxEnabled":true},"in2DMode":false,"pivot":{"x":-44.686973571777347,"y":111.85786437988281,"z":82.09626770019531},"rotation":{"x":0.1652795821428299,"y":0.3555203676223755,"z":0.06403148919343949,"w":-0.9177096486091614},"size":27.170568466186525,"orthographic":false}